timestamp,gt_x_mm,gt_y_mm,gt_z_mm,target_id,raw_x_mm,raw_y_mm,raw_z_mm,cal_x_mm,cal_y_mm,cal_z_mm
1781652285.6871798,0.0,0.0,1000.0,0,-4,60,1033,-4,56,962
1781652285.737953,0.0,0.0,1000.0,0,-5,60,1033,-5,56,962
1781652285.7879758,0.0,0.0,1000.0,0,-3,58,1034,-2,54,963
1781652285.8374903,0.0,0.0,1000.0,0,-3,57,1033,-2,53,962
1781652285.8945003,0.0,0.0,1000.0,0,0,56,1034,0,52,963
1781652285.9380527,0.0,0.0,1000.0,0,1,56,1034,1,52,963
1781652285.9908876,0.0,0.0,1000.0,0,4,54,1033,4,51,962
1781652286.0449877,0.0,0.0,1000.0,0,1,53,1035,1,49,964
1781652286.0915725,0.0,0.0,1000.0,0,0,52,1035,0,48,964
1781652286.1474717,0.0,0.0,1000.0,0,-3,53,1035,-2,49,964
1781652286.1933548,0.0,0.0,1000.0,0,-7,50,1035,-6,47,964
1781652286.2478223,0.0,0.0,1000.0,0,-7,49,1033,-6,45,962
1781652286.2938406,0.0,0.0,1000.0,0,-8,52,1035,-7,48,964
1781652286.3490956,0.0,0.0,1000.0,0,-11,53,1033,-10,49,962
1781652286.3951087,0.0,0.0,1000.0,0,-9,53,1036,-9,49,965
1781652286.4496229,0.0,0.0,1000.0,0,-8,52,1035,-7,48,964
1781652286.496647,0.0,0.0,1000.0,0,-8,49,1034,-7,46,963
1781652286.5508273,0.0,0.0,1000.0,0,-5,49,1036,-5,46,965
1781652286.5968938,0.0,0.0,1000.0,0,-8,49,1030,-7,45,959
1781652286.6552129,0.0,0.0,1000.0,0,-8,49,1034,-7,46,963
1781652286.701338,0.0,0.0,1000.0,0,-8,49,1031,-7,45,960
1781652286.753104,0.0,0.0,1000.0,0,-8,50,1031,-7,47,960
1781652286.7996724,0.0,0.0,1000.0,0,-8,49,1032,-7,45,961
1781652286.8523679,0.0,0.0,1000.0,0,-8,50,1031,-7,47,960
1781652286.9013593,0.0,0.0,1000.0,0,-8,49,1030,-7,45,959
1781652286.9664335,0.0,0.0,1000.0,0,-8,49,1032,-7,45,961
1781652287.0034425,0.0,0.0,1000.0,0,-9,49,1030,-9,45,959
1781652287.0527332,0.0,0.0,1000.0,0,-11,50,1031,-10,47,960
1781652287.105427,0.0,0.0,1000.0,0,-9,50,1030,-9,47,959
1781652287.154976,0.0,0.0,1000.0,0,-8,51,1029,-7,48,958
1781652287.2050753,0.0,0.0,1000.0,0,-9,50,1030,-9,47,959
1781652287.2572575,0.0,0.0,1000.0,0,-9,50,1030,-9,47,959
1781652287.3084188,0.0,0.0,1000.0,0,-9,50,1027,-9,46,957
1781652287.3574698,0.0,0.0,1000.0,0,-9,50,1029,-9,47,958
1781652287.4090054,0.0,0.0,1000.0,0,-12,50,1027,-11,46,957
1781652287.4600012,0.0,0.0,1000.0,0,-12,51,1027,-11,48,957
1781652287.521528,0.0,0.0,1000.0,0,-15,50,1027,-14,46,957
1781652287.5595255,0.0,0.0,1000.0,0,-15,51,1027,-14,48,957
1781652287.6165953,0.0,0.0,1000.0,0,-15,54,1029,-14,50,958
1781652287.6642544,0.0,0.0,1000.0,0,-17,55,1027,-16,52,957
1781652287.7212274,0.0,0.0,1000.0,0,-15,55,1029,-14,52,958
1781652287.7626336,0.0,0.0,1000.0,0,-15,55,1025,-14,51,955
1781652287.8186438,0.0,0.0,1000.0,0,-17,55,1026,-16,51,956
1781652287.8639235,0.0,0.0,1000.0,0,-20,57,1025,-19,53,955
1781652287.9205701,0.0,0.0,1000.0,0,-17,57,1025,-16,53,955
1781652287.9645233,0.0,0.0,1000.0,0,-16,57,1026,-15,53,956
1781652288.0191274,0.0,0.0,1000.0,0,-16,57,1029,-15,53,958
1781652288.0649335,0.0,0.0,1000.0,0,-16,57,1027,-15,53,957
1781652288.1207762,0.0,0.0,1000.0,0,-16,58,1026,-15,54,956
1781652288.1673536,0.0,0.0,1000.0,0,-19,57,1027,-17,53,957
1781652288.220048,0.0,0.0,1000.0,0,-20,58,1027,-19,54,957
1781652288.2721465,0.0,0.0,1000.0,0,-20,57,1025,-19,53,955
1781652288.3241484,0.0,0.0,1000.0,0,-16,57,1025,-15,53,955
1781652288.3707957,0.0,0.0,1000.0,0,-17,57,1025,-16,53,955
1781652288.4234364,0.0,0.0,1000.0,0,-17,57,1025,-16,53,955
1781652288.4747589,0.0,0.0,1000.0,0,-17,57,1025,-16,53,955
1781652288.524443,0.0,0.0,1000.0,0,-17,58,1024,-16,54,954
1781652288.575131,0.0,0.0,1000.0,0,-20,59,1026,-19,55,956
1781652288.6226695,0.0,0.0,1000.0,0,-24,61,1025,-22,56,955
1781652288.6747024,0.0,0.0,1000.0,0,-23,59,1025,-21,55,955
1781652288.7412138,0.0,0.0,1000.0,0,-24,59,1024,-22,55,954
1781652288.7822165,0.0,0.0,1000.0,0,-20,59,1025,-19,55,955
1781652288.8233674,0.0,0.0,1000.0,0,-23,59,1025,-21,55,955
1781652288.8801985,0.0,0.0,1000.0,0,-23,61,1025,-21,56,955
1781652288.9266396,0.0,0.0,1000.0,0,-21,62,1024,-20,58,954
1781652288.9839752,0.0,0.0,1000.0,0,-23,62,1026,-21,58,956
1781652289.0287936,0.0,0.0,1000.0,0,-25,63,1026,-24,59,956
1781652289.0839818,0.0,0.0,1000.0,0,-25,65,1027,-24,60,957
1781652289.127537,0.0,0.0,1000.0,0,-21,66,1026,-20,61,956
1781652289.1835766,0.0,0.0,1000.0,0,-21,66,1025,-20,61,955
1781652289.2290533,0.0,0.0,1000.0,0,-28,69,1026,-26,64,956
1781652289.2940564,0.0,0.0,1000.0,0,-28,66,1026,-26,61,956
1781652289.3326182,0.0,0.0,1000.0,0,-24,67,1025,-22,63,955
1781652289.3846192,0.0,0.0,1000.0,0,-24,66,1025,-22,61,955
1781652289.4301457,0.0,0.0,1000.0,0,-23,66,1026,-21,61,956
1781652289.4851682,0.0,0.0,1000.0,0,-21,66,1027,-20,62,957
1781652289.5343728,0.0,0.0,1000.0,0,-23,66,1026,-21,61,956
1781652289.58361,0.0,0.0,1000.0,0,-23,66,1026,-21,61,956
1781652289.624367,0.0,0.0,1000.0,0,-20,66,1027,-19,62,957
1781652289.6893055,0.0,0.0,1000.0,0,-21,66,1029,-20,62,958
1781652289.724564,0.0,0.0,1000.0,0,-20,69,1029,-19,64,958
1781652289.7847219,0.0,0.0,1000.0,0,-20,66,1026,-19,61,956
1781652289.82447,0.0,0.0,1000.0,0,-21,67,1027,-20,63,957
1781652289.8750095,0.0,0.0,1000.0,0,-21,67,1026,-20,63,956
1781652289.9247282,0.0,0.0,1000.0,0,-20,69,1026,-19,64,956
1781652289.9833908,0.0,0.0,1000.0,0,-20,67,1027,-19,63,957
1781652290.0305507,0.0,0.0,1000.0,0,-20,67,1026,-19,63,956
1781652290.0870638,0.0,0.0,1000.0,0,-19,69,1027,-17,64,957
1781652290.1422584,0.0,0.0,1000.0,0,-19,70,1027,-17,65,957
1781652290.1838756,0.0,0.0,1000.0,0,-17,70,1027,-16,65,957
1781652364.162665,0.0,0.0,1000.0,0,-56,11,1147,-52,10,1072
1781652364.2087226,0.0,0.0,1000.0,0,-51,11,1145,-48,10,1071
1781652364.2650135,0.0,0.0,1000.0,0,-51,9,1144,-48,8,1069
1781652364.3126976,0.0,0.0,1000.0,0,-57,12,1144,-53,11,1069
1781652364.3628798,0.0,0.0,1000.0,0,-58,12,1143,-55,11,1068
1781652364.4131615,0.0,0.0,1000.0,0,-61,11,1144,-57,10,1069
1781652364.4668207,0.0,0.0,1000.0,0,-61,9,1143,-57,8,1068
1781652364.525801,0.0,0.0,1000.0,0,-69,6,1140,-64,6,1065
1781652364.5883923,0.0,0.0,1000.0,0,-75,6,1141,-70,6,1066
1781652364.6124163,0.0,0.0,1000.0,0,-81,5,1141,-75,4,1066
1781652364.6685266,0.0,0.0,1000.0,0,-84,6,1141,-78,6,1066
1781652364.7145214,0.0,0.0,1000.0,0,-91,3,1141,-85,3,1066
1781652364.7709582,0.0,0.0,1000.0,0,-99,-4,1140,-92,-4,1065
1781652364.8147776,0.0,0.0,1000.0,0,-107,-4,1139,-100,-4,1064
1781652364.8715148,0.0,0.0,1000.0,0,-119,-1,1139,-112,-1,1064
1781652364.9164443,0.0,0.0,1000.0,0,-108,-1,1133,-101,-1,1058
1781652364.963332,0.0,0.0,1000.0,0,-130,0,1136,-121,0,1061
1781652365.0350714,0.0,0.0,1000.0,0,-133,-1,1130,-125,-1,1056
1781652365.0820832,0.0,0.0,1000.0,0,-141,0,1128,-131,0,1053
1781652365.129056,0.0,0.0,1000.0,0,-141,2,1124,-132,1,1049
1781652365.1803243,0.0,0.0,1000.0,0,-151,0,1125,-140,0,1050
1781652365.2365034,0.0,0.0,1000.0,0,-151,0,1121,-141,0,1046
1781652365.2812426,0.0,0.0,1000.0,0,-157,0,1119,-146,0,1044
1781652365.3374546,0.0,0.0,1000.0,0,-154,2,1111,-144,1,1036
1781652365.381078,0.0,0.0,1000.0,0,-163,2,1111,-152,1,1036
1781652365.4349413,0.0,0.0,1000.0,0,-159,3,1103,-148,3,1028
1781652365.4830616,0.0,0.0,1000.0,0,-148,1,1094,-138,1,1019
1781652365.553758,0.0,0.0,1000.0,0,-139,1,1089,-129,1,1014
1781652365.592369,0.0,0.0,1000.0,0,-133,1,1088,-124,1,1013
1781652365.6378796,0.0,0.0,1000.0,0,-101,1,1086,-94,1,1011
1781652365.691638,0.0,0.0,1000.0,0,-92,3,1084,-86,3,1009
1781652365.741241,0.0,0.0,1000.0,0,-71,0,1086,-66,0,1011
1781652365.799865,0.0,0.0,1000.0,0,-67,3,1086,-62,3,1011
1781652365.8443968,0.0,0.0,1000.0,0,-50,3,1087,-46,3,1012
1781652365.9001358,0.0,0.0,1000.0,0,-47,3,1089,-44,3,1014
1781652365.9444883,0.0,0.0,1000.0,0,-46,4,1092,-43,4,1017
1781652365.9982686,0.0,0.0,1000.0,0,-68,4,1088,-64,4,1013
1781652366.0450587,0.0,0.0,1000.0,0,-39,7,1093,-36,7,1018
1781652366.1006744,0.0,0.0,1000.0,0,-26,7,1097,-24,7,1022
1781652366.1480136,0.0,0.0,1000.0,0,-17,6,1098,-16,5,1023
1781652366.2044713,0.0,0.0,1000.0,0,-19,7,1097,-17,7,1022
1781652366.2464712,0.0,0.0,1000.0,0,-19,4,1096,-17,4,1021
1781652366.3025787,0.0,0.0,1000.0,0,-16,1,1096,-15,1,1021
1781652366.3473043,0.0,0.0,1000.0,0,-13,-1,1096,-12,-1,1021
1781652366.4049056,0.0,0.0,1000.0,0,-65,1,1087,-61,1,1012
1781652366.4471846,0.0,0.0,1000.0,0,-13,-1,1098,-12,-1,1023
1781652366.5036478,0.0,0.0,1000.0,0,-16,1,1098,-15,1,1023
1781652366.5479195,0.0,0.0,1000.0,0,-13,3,1102,-12,3,1027
1781652366.6048667,0.0,0.0,1000.0,0,-16,3,1104,-15,3,1029
1781652366.6472988,0.0,0.0,1000.0,0,-32,2,1110,-30,1,1035
1781652366.7026463,0.0,0.0,1000.0,0,-28,4,1113,-26,4,1038
1781652366.7476444,0.0,0.0,1000.0,0,-25,4,1117,-23,4,1042
1781652366.808214,0.0,0.0,1000.0,0,-23,0,1117,-22,0,1042
1781652366.8542135,0.0,0.0,1000.0,0,-31,2,1119,-29,1,1044
1781652366.9043202,0.0,0.0,1000.0,0,-40,3,1120,-37,3,1045
1781652366.9585273,0.0,0.0,1000.0,0,-47,3,1119,-44,3,1044
1781652367.006965,0.0,0.0,1000.0,0,-54,4,1119,-51,4,1044
1781652367.0587237,0.0,0.0,1000.0,0,-56,4,1119,-52,4,1044
1781652367.10778,0.0,0.0,1000.0,0,-61,6,1117,-57,6,1042
1781652367.159499,0.0,0.0,1000.0,0,-67,6,1113,-63,5,1038
1781652367.208515,0.0,0.0,1000.0,0,-48,4,1110,-45,4,1035
1781652367.2605247,0.0,0.0,1000.0,0,-45,3,1107,-42,3,1032
1781652367.3226528,0.0,0.0,1000.0,0,-42,1,1106,-39,1,1031
1781652367.369774,0.0,0.0,1000.0,0,-41,-1,1107,-38,-1,1032
1781652367.4093864,0.0,0.0,1000.0,0,-43,-3,1104,-40,-3,1029
1781652367.4657996,0.0,0.0,1000.0,0,-43,-1,1107,-41,-1,1032
1781652367.5121768,0.0,0.0,1000.0,0,-39,0,1104,-36,0,1029
1781652367.5701387,0.0,0.0,1000.0,0,-39,0,1099,-36,0,1024
1781652367.6143925,0.0,0.0,1000.0,0,-34,0,1097,-32,0,1022
1781652367.669434,0.0,0.0,1000.0,0,-34,-1,1097,-32,-1,1022
1781652367.7145987,0.0,0.0,1000.0,0,-36,-3,1097,-33,-3,1022
1781652367.769605,0.0,0.0,1000.0,0,-37,-3,1094,-35,-3,1019
1781652367.813427,0.0,0.0,1000.0,0,-36,-1,1093,-33,-1,1018
1781652367.9057386,0.0,0.0,1000.0,0,-34,-3,1094,-32,-3,1019
1781652367.9117582,0.0,0.0,1000.0,0,-31,-3,1093,-29,-3,1018
1781652367.9658875,0.0,0.0,1000.0,0,-29,-4,1092,-27,-4,1017
1781652368.013054,0.0,0.0,1000.0,0,-30,-6,1091,-28,-5,1016
1781652368.0732362,0.0,0.0,1000.0,0,-27,-4,1091,-25,-4,1016
1781652368.1305664,0.0,0.0,1000.0,0,-27,-4,1091,-25,-4,1016
1781652368.1766691,0.0,0.0,1000.0,0,-28,-4,1089,-27,-4,1014
1781652368.2292092,0.0,0.0,1000.0,0,-27,-4,1091,-25,-4,1016
1781652368.2705262,0.0,0.0,1000.0,0,-28,-3,1089,-27,-3,1014
1781652368.3289115,0.0,0.0,1000.0,0,-26,-3,1093,-24,-3,1018
1781652368.3786976,0.0,0.0,1000.0,0,-29,-1,1093,-27,-1,1018
1781652368.4460032,0.0,0.0,1000.0,0,-32,-1,1098,-29,-1,1023
1781652368.4793866,0.0,0.0,1000.0,0,-33,-3,1098,-31,-3,1023
1781652368.5292332,0.0,0.0,1000.0,0,-32,-1,1102,-30,-1,1027
1781652368.5802212,0.0,0.0,1000.0,0,-36,-1,1108,-34,-1,1033
1781652368.636238,0.0,0.0,1000.0,0,-37,-1,1119,-34,-1,1044
1781652368.6816196,0.0,0.0,1000.0,0,-48,2,1121,-45,1,1046
1781652368.7361646,0.0,0.0,1000.0,0,-52,0,1125,-48,0,1050
1781652368.7809925,0.0,0.0,1000.0,0,-59,-6,1127,-55,-5,1052
1781652368.831306,0.0,0.0,1000.0,0,-98,2,1133,-92,1,1058
1781652368.878657,0.0,0.0,1000.0,0,-74,-1,1133,-69,-1,1058
1781652368.9371653,0.0,0.0,1000.0,0,-95,0,1137,-89,0,1062
1781652369.0169995,0.0,0.0,1000.0,0,-88,0,1143,-83,0,1068
1781652369.0416813,0.0,0.0,1000.0,0,-94,-1,1144,-88,-1,1069
1781652369.0791054,0.0,0.0,1000.0,0,-116,0,1147,-108,0,1072
1781652369.1365821,0.0,0.0,1000.0,0,-123,-1,1147,-115,-1,1072
1781652369.192892,0.0,0.0,1000.0,0,-124,-1,1144,-116,-1,1069
1781652369.2303464,0.0,0.0,1000.0,0,-126,-4,1141,-117,-4,1066
1781652369.2910323,0.0,0.0,1000.0,0,-122,-3,1133,-114,-3,1058
1781652369.3313296,0.0,0.0,1000.0,0,-126,-4,1130,-118,-4,1056
1781652369.3956475,0.0,0.0,1000.0,0,-126,-1,1127,-117,-1,1052
1781652369.4305522,0.0,0.0,1000.0,0,-127,-1,1125,-118,-1,1050
1781652369.4980302,0.0,0.0,1000.0,0,-123,-1,1121,-115,-1,1046
1781652369.5381515,0.0,0.0,1000.0,0,-117,0,1120,-110,0,1045
1781652369.6010518,0.0,0.0,1000.0,0,-116,-1,1120,-108,-1,1045
1781652369.6472647,0.0,0.0,1000.0,0,-93,0,1121,-86,0,1046
1781652369.7035916,0.0,0.0,1000.0,0,-63,-1,1124,-59,-1,1049
1781652369.7488656,0.0,0.0,1000.0,0,-56,3,1124,-52,3,1049
1781652369.805433,0.0,0.0,1000.0,0,-57,3,1123,-54,3,1048
1781652369.850464,0.0,0.0,1000.0,0,-78,-1,1117,-72,-1,1042
1781652369.904629,0.0,0.0,1000.0,0,-67,3,1117,-63,3,1042
1781652369.951148,0.0,0.0,1000.0,0,-77,2,1115,-72,1,1040
1781652370.003915,0.0,0.0,1000.0,0,-57,4,1115,-53,4,1040
1781652370.0527532,0.0,0.0,1000.0,0,-53,0,1115,-49,0,1040
1781652370.1052513,0.0,0.0,1000.0,0,-38,3,1116,-35,3,1041
1781652370.1542265,0.0,0.0,1000.0,0,-49,0,1111,-46,0,1036
1781652370.2056572,0.0,0.0,1000.0,0,-60,2,1111,-56,1,1036
1781652370.2726583,0.0,0.0,1000.0,0,-65,1,1107,-61,1,1032
1781652370.3211758,0.0,0.0,1000.0,0,-58,2,1110,-54,1,1035
1781652370.3551772,0.0,0.0,1000.0,0,-58,3,1110,-54,3,1035
1781652370.407535,0.0,0.0,1000.0,0,-57,2,1112,-53,1,1037
1781652370.458453,0.0,0.0,1000.0,0,-57,2,1117,-53,1,1042
1781652370.5091236,0.0,0.0,1000.0,0,-59,2,1121,-55,1,1046
1781652370.5643876,0.0,0.0,1000.0,0,-59,3,1124,-55,3,1049
1781652370.610816,0.0,0.0,1000.0,0,-59,2,1127,-55,1,1052
1781652370.6648088,0.0,0.0,1000.0,0,-59,3,1133,-55,3,1058
1781652370.7083206,0.0,0.0,1000.0,0,-60,2,1139,-56,1,1064
1781652370.785323,0.0,0.0,1000.0,0,-64,2,1143,-60,1,1068
1781652370.8298404,0.0,0.0,1000.0,0,-64,0,1144,-60,0,1069
1781652370.8649464,0.0,0.0,1000.0,0,-61,0,1144,-57,0,1069
1781652370.9113908,0.0,0.0,1000.0,0,-61,2,1144,-57,1,1069
1781652370.967252,0.0,0.0,1000.0,0,-60,0,1144,-56,0,1069
1781652371.0135663,0.0,0.0,1000.0,0,-63,2,1141,-59,1,1066
1781652371.0694664,0.0,0.0,1000.0,0,-61,-1,1140,-57,-1,1065
1781652371.1144593,0.0,0.0,1000.0,0,-64,-1,1137,-60,-1,1062
1781652371.1699061,0.0,0.0,1000.0,0,-62,-1,1133,-58,-1,1058
1781652371.2155716,0.0,0.0,1000.0,0,-60,-1,1125,-56,-1,1050
1781652371.2685635,0.0,0.0,1000.0,0,-63,-1,1123,-59,-1,1048
1781652371.3236241,0.0,0.0,1000.0,0,-64,-1,1117,-60,-1,1042
1781652391.8158495,300.0,0.0,1000.0,0,292,-10,1075,272,-9,1000
1781652391.866851,300.0,0.0,1000.0,0,293,-10,1076,272,-9,1001
1781652391.9167912,300.0,0.0,1000.0,0,294,-10,1077,274,-9,1002
1781652391.968887,300.0,0.0,1000.0,0,295,-8,1074,274,-8,999
1781652392.025782,300.0,0.0,1000.0,0,296,-8,1077,275,-8,1002
1781652392.0715148,300.0,0.0,1000.0,0,296,-7,1072,275,-7,997
1781652392.127363,300.0,0.0,1000.0,0,299,-8,1070,278,-8,995
1781652392.21189,300.0,0.0,1000.0,0,303,-7,1072,282,-7,997
1781652392.2278917,300.0,0.0,1000.0,0,303,-8,1068,282,-8,993
1781652392.2759004,300.0,0.0,1000.0,0,304,-7,1066,283,-6,992
1781652392.3494127,300.0,0.0,1000.0,0,303,-7,1063,282,-6,989
1781652392.3969493,300.0,0.0,1000.0,0,305,-6,1062,284,-5,988
1781652392.434158,300.0,0.0,1000.0,0,308,-4,1062,287,-4,988
1781652392.4772434,300.0,0.0,1000.0,0,306,-4,1063,284,-4,989
1781652392.5327644,300.0,0.0,1000.0,0,305,-6,1062,284,-5,988
1781652392.5780077,300.0,0.0,1000.0,0,306,-6,1063,284,-5,989
1781652392.6338677,300.0,0.0,1000.0,0,304,-4,1062,283,-4,988
1781652392.6804905,300.0,0.0,1000.0,0,304,-6,1062,283,-5,988
1781652392.7318146,300.0,0.0,1000.0,0,304,-3,1062,283,-3,988
1781652392.7818172,300.0,0.0,1000.0,0,300,-4,1063,279,-4,989
1781652392.8371792,300.0,0.0,1000.0,0,296,-6,1063,275,-5,989
1781652392.8996987,300.0,0.0,1000.0,0,297,-6,1062,276,-5,988
1781652392.9347079,300.0,0.0,1000.0,0,292,-7,1064,272,-6,990
1781652392.987809,300.0,0.0,1000.0,0,292,-8,1065,272,-8,991
1781652393.0374274,300.0,0.0,1000.0,0,290,-8,1065,269,-8,991
1781652393.0935476,300.0,0.0,1000.0,0,287,-7,1065,267,-6,991
1781652393.1383343,300.0,0.0,1000.0,0,281,-8,1066,262,-8,992
1781652393.1968098,300.0,0.0,1000.0,0,313,-6,1064,291,-5,990
1781652393.2428153,300.0,0.0,1000.0,0,290,-8,1066,270,-8,992
1781652393.2958653,300.0,0.0,1000.0,0,298,-7,1065,277,-6,991
1781652393.35286,300.0,0.0,1000.0,0,285,-6,1068,265,-5,993
1781652393.3963432,300.0,0.0,1000.0,0,287,-7,1068,267,-6,993
1781652393.4433436,300.0,0.0,1000.0,0,287,-6,1068,267,-5,993
1781652393.4997642,300.0,0.0,1000.0,0,279,-7,1068,260,-6,993
1781652393.5458903,300.0,0.0,1000.0,0,272,-7,1069,253,-6,994
1781652393.5989094,300.0,0.0,1000.0,0,275,-7,1069,256,-6,994
1781652393.648856,300.0,0.0,1000.0,0,275,-6,1069,256,-5,994
1781652393.6982481,300.0,0.0,1000.0,0,276,-6,1068,257,-5,993
1781652393.7477632,300.0,0.0,1000.0,0,306,-6,1065,285,-5,991
1781652393.7994,300.0,0.0,1000.0,0,307,-7,1066,285,-6,992
1781652393.8493974,300.0,0.0,1000.0,0,305,-6,1066,284,-5,992
1781652393.9009109,300.0,0.0,1000.0,0,305,-4,1066,284,-4,992
1781652393.9587348,300.0,0.0,1000.0,0,287,-4,1070,267,-4,995
1781652394.0051103,300.0,0.0,1000.0,0,305,-4,1069,283,-4,994
1781652394.0546355,300.0,0.0,1000.0,0,305,-4,1070,284,-4,995
1781652394.103062,300.0,0.0,1000.0,0,305,-4,1070,284,-4,995
1781652394.1594558,300.0,0.0,1000.0,0,303,-6,1075,282,-5,1000
1781652394.205316,300.0,0.0,1000.0,0,302,-6,1076,281,-5,1001
1781652394.2624948,300.0,0.0,1000.0,0,307,-6,1078,286,-5,1003
1781652394.3054814,300.0,0.0,1000.0,0,292,-6,1078,271,-5,1003
1781652394.3624604,300.0,0.0,1000.0,0,286,-7,1083,266,-7,1008
1781652394.4061449,300.0,0.0,1000.0,0,296,-6,1082,275,-5,1007
1781652394.4620833,300.0,0.0,1000.0,0,298,-6,1082,278,-5,1007
1781652394.5055168,300.0,0.0,1000.0,0,289,-4,1083,269,-4,1008
1781652394.562516,300.0,0.0,1000.0,0,298,-6,1084,277,-5,1009
1781652394.622669,300.0,0.0,1000.0,0,297,-4,1083,277,-4,1008
1781652394.663669,300.0,0.0,1000.0,0,297,-4,1083,277,-4,1008
1781652394.7072098,300.0,0.0,1000.0,0,303,-1,1084,282,-1,1009
1781652394.7645495,300.0,0.0,1000.0,0,301,-3,1084,280,-3,1009
1781652394.8101437,300.0,0.0,1000.0,0,305,-1,1086,284,-1,1011
1781652394.8670173,300.0,0.0,1000.0,0,307,-1,1087,286,-1,1012
1781652394.9114685,300.0,0.0,1000.0,0,310,-4,1088,289,-4,1013
1781652394.9666061,300.0,0.0,1000.0,0,306,-3,1088,285,-3,1013
1781652395.0131428,300.0,0.0,1000.0,0,303,-3,1089,282,-3,1014
1781652395.064138,300.0,0.0,1000.0,0,313,-3,1088,291,-3,1013
1781652395.1206841,300.0,0.0,1000.0,0,327,0,1088,305,0,1013
1781652395.1676857,300.0,0.0,1000.0,0,329,-3,1088,306,-3,1013
1781652395.217199,300.0,0.0,1000.0,0,322,-3,1089,300,-3,1014
1781652395.2694976,300.0,0.0,1000.0,0,335,-4,1091,312,-4,1016
1781652395.3269236,300.0,0.0,1000.0,0,335,-4,1091,312,-4,1016
1781652395.3727334,300.0,0.0,1000.0,0,322,-6,1089,300,-5,1014
1781652395.4295187,300.0,0.0,1000.0,0,319,-6,1089,297,-5,1014
1781652395.4759436,300.0,0.0,1000.0,0,305,-6,1089,284,-5,1014
1781652395.5296915,300.0,0.0,1000.0,0,308,-4,1084,286,-4,1009
1781652395.5751357,300.0,0.0,1000.0,0,304,-7,1086,283,-7,1011
1781652395.6528869,300.0,0.0,1000.0,0,303,-7,1084,282,-7,1009
1781652395.6805253,300.0,0.0,1000.0,0,309,-7,1086,288,-7,1011
1781652395.7261183,300.0,0.0,1000.0,0,304,-6,1083,283,-5,1008
1781652395.775365,300.0,0.0,1000.0,0,312,-6,1080,290,-5,1004
1781652395.827018,300.0,0.0,1000.0,0,301,-6,1075,280,-5,1000
1781652395.8780508,300.0,0.0,1000.0,0,311,-7,1072,289,-7,997
1781652395.9301534,300.0,0.0,1000.0,0,300,-6,1072,279,-5,997
1781652395.9793406,300.0,0.0,1000.0,0,302,-10,1070,281,-9,995
1781652396.0280719,300.0,0.0,1000.0,0,309,-4,1069,287,-4,994
1781652396.0761578,300.0,0.0,1000.0,0,302,-7,1066,281,-6,992
1781652396.1259668,300.0,0.0,1000.0,0,295,-7,1065,275,-6,991
1781652396.2000833,300.0,0.0,1000.0,0,291,-10,1065,271,-9,991
1781652396.2324543,300.0,0.0,1000.0,0,297,-11,1066,276,-10,992
1781652396.2918973,300.0,0.0,1000.0,0,299,-6,1063,278,-5,989
1781652396.337441,300.0,0.0,1000.0,0,298,-4,1062,278,-4,988
1781652396.3945713,300.0,0.0,1000.0,0,308,-4,1063,287,-4,989
1781652396.4401822,300.0,0.0,1000.0,0,306,-7,1063,284,-6,989
1781652396.494303,300.0,0.0,1000.0,0,304,-7,1063,283,-6,989
1781652396.5298078,300.0,0.0,1000.0,0,300,-7,1064,279,-6,990
1781652396.5918145,300.0,0.0,1000.0,0,302,-7,1064,281,-6,990
1781652396.6253524,300.0,0.0,1000.0,0,304,-7,1065,282,-6,991
1781652396.7094808,300.0,0.0,1000.0,0,302,-7,1065,281,-6,991
1781652396.7430656,300.0,0.0,1000.0,0,286,-7,1068,266,-6,993
1781652396.7957542,300.0,0.0,1000.0,0,287,-15,1068,267,-14,993
1781652396.8416204,300.0,0.0,1000.0,0,292,-11,1070,272,-10,995
1781652396.8968482,300.0,0.0,1000.0,0,303,-6,1069,282,-5,994
1781652396.9416547,300.0,0.0,1000.0,0,289,-13,1070,269,-12,995
1781652396.9964905,300.0,0.0,1000.0,0,307,-14,1069,286,-13,994
1781652397.041587,300.0,0.0,1000.0,0,315,-7,1068,293,-6,993
1781652397.0972679,300.0,0.0,1000.0,0,327,-6,1068,304,-5,993
1781652397.1414473,300.0,0.0,1000.0,0,317,-8,1068,295,-8,993
1781652397.1914644,300.0,0.0,1000.0,0,314,-7,1068,292,-6,993
1781652397.241537,300.0,0.0,1000.0,0,306,-6,1068,284,-5,993
1781652397.2926545,300.0,0.0,1000.0,0,302,-7,1069,281,-6,994
1781652397.3426802,300.0,0.0,1000.0,0,299,-6,1068,278,-5,993
1781652397.3977757,300.0,0.0,1000.0,0,299,-4,1070,278,-4,995
1781652397.4434133,300.0,0.0,1000.0,0,299,-4,1069,278,-4,994
1781652397.4997818,300.0,0.0,1000.0,0,298,-6,1069,277,-5,994
1781652397.5437903,300.0,0.0,1000.0,0,298,-6,1070,277,-5,995
1781652397.6026003,300.0,0.0,1000.0,0,298,-6,1070,277,-5,995
1781652397.6545625,300.0,0.0,1000.0,0,296,-7,1070,276,-6,995
1781652397.7038755,300.0,0.0,1000.0,0,296,-6,1069,275,-5,994
1781652397.7563984,300.0,0.0,1000.0,0,296,-6,1068,275,-5,993
1781652397.801682,300.0,0.0,1000.0,0,290,-4,1068,270,-4,993
1781652397.8548064,300.0,0.0,1000.0,0,295,-3,1069,274,-3,994
1781652397.9047809,300.0,0.0,1000.0,0,291,-4,1069,270,-4,994
1781652397.9623027,300.0,0.0,1000.0,0,291,-6,1070,271,-5,995
1781652398.0074997,300.0,0.0,1000.0,0,292,-3,1069,272,-3,994
1781652398.0634556,300.0,0.0,1000.0,0,291,-4,1071,271,-4,996
1781652398.1103675,300.0,0.0,1000.0,0,294,-6,1070,273,-5,995
1781652398.1669245,300.0,0.0,1000.0,0,294,-7,1071,273,-6,996
1781652398.210301,300.0,0.0,1000.0,0,295,-7,1074,274,-7,999
1781652398.2655673,300.0,0.0,1000.0,0,294,-7,1072,274,-7,997
1781652398.3113286,300.0,0.0,1000.0,0,293,-4,1074,273,-4,999
1781652398.36532,300.0,0.0,1000.0,0,295,-3,1074,274,-3,999
1781652398.4138372,300.0,0.0,1000.0,0,295,-4,1075,274,-4,1000
1781652398.477834,300.0,0.0,1000.0,0,296,-6,1075,276,-5,1000
1781652422.3995745,800.0,0.0,2000.0,0,623,-3,1144,583,-3,1069
1781652422.4444551,800.0,0.0,2000.0,0,626,-24,1149,586,-23,1075
1781652422.503337,800.0,0.0,2000.0,0,626,-6,1148,585,-6,1073
1781652422.5467467,800.0,0.0,2000.0,0,630,-36,1151,589,-34,1076
1781652422.6017005,800.0,0.0,2000.0,0,628,-7,1147,587,-7,1072
1781652422.6572301,800.0,0.0,2000.0,0,633,-39,1151,592,-37,1076
1781652422.7026188,800.0,0.0,2000.0,0,633,-27,1151,592,-25,1076
1781652422.7484221,800.0,0.0,2000.0,0,633,-1,1145,592,-1,1071
1781652422.8033555,800.0,0.0,2000.0,0,635,-41,1147,594,-38,1072
1781652422.85075,800.0,0.0,2000.0,0,636,-16,1145,595,-15,1071
1781652422.9065926,800.0,0.0,2000.0,0,638,-12,1143,596,-11,1068
1781652422.9508977,800.0,0.0,2000.0,0,638,-36,1141,596,-34,1066
1781652423.0079014,800.0,0.0,2000.0,0,638,-7,1139,596,-7,1064
1781652423.0534747,800.0,0.0,2000.0,0,642,-21,1140,600,-20,1065
1781652423.1054294,800.0,0.0,2000.0,0,644,-10,1137,601,-10,1062
1781652423.15458,800.0,0.0,2000.0,0,641,-4,1135,598,-4,1060
1781652423.2055748,800.0,0.0,2000.0,0,641,-7,1135,598,-7,1060
1781652423.2536788,800.0,0.0,2000.0,0,640,-9,1133,598,-8,1058
1781652423.3077621,800.0,0.0,2000.0,0,638,-9,1136,596,-8,1061
1781652423.3565075,800.0,0.0,2000.0,0,637,-9,1133,595,-8,1058
1781652423.4085455,800.0,0.0,2000.0,0,638,-6,1135,595,-6,1060
1781652423.461705,800.0,0.0,2000.0,0,639,-9,1135,597,-8,1060
1781652423.5094824,800.0,0.0,2000.0,0,639,-10,1135,597,-10,1060
1781652423.5617216,800.0,0.0,2000.0,0,638,-9,1136,596,-8,1061
1781652423.6047845,800.0,0.0,2000.0,0,641,-6,1137,598,-6,1062
1781652423.6561885,800.0,0.0,2000.0,0,641,-7,1140,599,-7,1065
1781652423.7122116,800.0,0.0,2000.0,0,639,-9,1140,597,-8,1065
1781652423.7695224,800.0,0.0,2000.0,0,640,-9,1141,598,-8,1066
1781652423.813866,800.0,0.0,2000.0,0,640,-9,1144,598,-8,1069
1781652423.869937,800.0,0.0,2000.0,0,641,-6,1144,599,-6,1069
1781652423.916083,800.0,0.0,2000.0,0,641,-6,1144,599,-6,1069
1781652423.971497,800.0,0.0,2000.0,0,641,-1,1144,599,-1,1069
1781652424.0128126,800.0,0.0,2000.0,0,641,-6,1144,599,-6,1069
1781652424.0714333,800.0,0.0,2000.0,0,640,-3,1141,598,-3,1066
1781652424.1074846,800.0,0.0,2000.0,0,639,-4,1140,597,-4,1065
1781652424.171815,800.0,0.0,2000.0,0,640,-6,1139,598,-6,1064
1781652424.2150235,800.0,0.0,2000.0,0,641,-6,1137,598,-6,1062
1781652424.2712674,800.0,0.0,2000.0,0,638,-6,1139,596,-6,1064
1781652424.3176703,800.0,0.0,2000.0,0,640,-4,1136,598,-4,1061
1781652424.3745074,800.0,0.0,2000.0,0,640,-9,1136,598,-8,1061
1781652424.4165084,800.0,0.0,2000.0,0,641,-7,1137,598,-7,1062
1781652424.4720821,800.0,0.0,2000.0,0,641,-6,1136,599,-6,1061
1781652424.5217183,800.0,0.0,2000.0,0,642,-10,1137,600,-10,1062
1781652424.5716403,800.0,0.0,2000.0,0,641,-6,1135,598,-6,1060
1781652424.621577,800.0,0.0,2000.0,0,642,-10,1137,600,-10,1062
1781652424.673689,800.0,0.0,2000.0,0,641,-4,1135,598,-4,1060
1781652424.7222393,800.0,0.0,2000.0,0,644,-6,1137,601,-6,1062
1781652424.7721727,800.0,0.0,2000.0,0,642,-9,1137,600,-8,1062
1781652424.8273406,800.0,0.0,2000.0,0,643,-7,1136,600,-7,1061
1781652424.8756442,800.0,0.0,2000.0,0,643,-10,1136,600,-10,1061
1781652424.9328825,800.0,0.0,2000.0,0,644,-25,1140,601,-24,1065
1781652424.9728632,800.0,0.0,2000.0,0,643,-7,1136,600,-7,1061
1781652425.0344145,800.0,0.0,2000.0,0,644,-10,1137,601,-10,1062
1781652425.073807,800.0,0.0,2000.0,0,644,-10,1137,601,-10,1062
1781652425.1381674,800.0,0.0,2000.0,0,645,-21,1140,603,-20,1065
1781652425.1736302,800.0,0.0,2000.0,0,644,-10,1135,601,-10,1060
1781652425.2380397,800.0,0.0,2000.0,0,643,-13,1136,600,-12,1061
1781652425.2724855,800.0,0.0,2000.0,0,643,-6,1136,600,-6,1061
1781652425.339219,800.0,0.0,2000.0,0,644,-42,1139,602,-39,1064
1781652425.3917105,800.0,0.0,2000.0,0,644,-21,1137,601,-19,1062
1781652425.438985,800.0,0.0,2000.0,0,644,-7,1135,601,-7,1060
1781652425.4882495,800.0,0.0,2000.0,0,643,-6,1136,600,-6,1061
1781652425.5395937,800.0,0.0,2000.0,0,644,-15,1137,601,-14,1062
1781652425.5923345,800.0,0.0,2000.0,0,642,-4,1135,600,-4,1060
1781652425.6432292,800.0,0.0,2000.0,0,645,-40,1137,603,-38,1062
1781652425.6945467,800.0,0.0,2000.0,0,643,-7,1136,600,-7,1061
1781652425.7437706,800.0,0.0,2000.0,0,646,-7,1135,604,-7,1060
1781652425.7937698,800.0,0.0,2000.0,0,646,-6,1133,603,-6,1058
1781652425.8444262,800.0,0.0,2000.0,0,646,-12,1133,603,-11,1058
1781652425.899485,800.0,0.0,2000.0,0,646,-10,1135,604,-10,1060
1781652425.9440165,800.0,0.0,2000.0,0,646,-10,1135,604,-10,1060
1781652426.0024657,800.0,0.0,2000.0,0,645,-7,1135,602,-7,1060
1781652426.0481257,800.0,0.0,2000.0,0,647,-19,1136,605,-18,1061
1781652426.1030462,800.0,0.0,2000.0,0,648,-30,1137,605,-28,1062
1781652426.1510437,800.0,0.0,2000.0,0,646,-16,1135,604,-15,1060
1781652426.2048762,800.0,0.0,2000.0,0,646,-15,1135,604,-14,1060
1781652426.2492898,800.0,0.0,2000.0,0,645,-12,1135,602,-11,1060
1781652426.3076468,800.0,0.0,2000.0,0,646,-12,1135,604,-11,1060
1781652426.3512707,800.0,0.0,2000.0,0,645,-6,1135,602,-6,1060
1781652426.4091463,800.0,0.0,2000.0,0,646,-10,1136,603,-10,1061
1781652426.4596658,800.0,0.0,2000.0,0,643,-6,1132,601,-6,1057
1781652426.5076709,800.0,0.0,2000.0,0,644,-7,1133,602,-7,1058
1781652426.5521884,800.0,0.0,2000.0,0,642,-9,1135,600,-8,1060
1781652426.60624,800.0,0.0,2000.0,0,643,-6,1132,601,-6,1057
1781652426.6568174,800.0,0.0,2000.0,0,644,-22,1133,602,-21,1058
1781652426.7091851,800.0,0.0,2000.0,0,643,-9,1133,600,-8,1058
1781652426.7613108,800.0,0.0,2000.0,0,644,-9,1133,602,-8,1058
1781652426.810315,800.0,0.0,2000.0,0,642,-9,1135,600,-8,1060
1781652426.8661585,800.0,0.0,2000.0,0,643,-10,1136,600,-10,1061
1781652426.9111662,800.0,0.0,2000.0,0,642,-7,1135,600,-7,1060
1781652426.9667344,800.0,0.0,2000.0,0,643,-21,1136,600,-19,1061
1781652427.012641,800.0,0.0,2000.0,0,640,-7,1133,598,-7,1058
1781652427.068574,800.0,0.0,2000.0,0,644,-37,1137,601,-35,1062
1781652427.1140802,800.0,0.0,2000.0,0,641,-13,1135,598,-12,1060
1781652427.169415,800.0,0.0,2000.0,0,642,-9,1135,600,-8,1060
1781652427.2162485,800.0,0.0,2000.0,0,641,-7,1133,599,-7,1058
1781652427.2798085,800.0,0.0,2000.0,0,641,-30,1133,599,-28,1058
1781652427.3185053,800.0,0.0,2000.0,0,640,-7,1130,597,-7,1056
1781652427.3732271,800.0,0.0,2000.0,0,640,-7,1130,597,-7,1056
1781652427.4208858,800.0,0.0,2000.0,0,641,-7,1133,599,-7,1058
1781652427.474823,800.0,0.0,2000.0,0,641,-6,1132,598,-6,1057
1781652427.5235636,800.0,0.0,2000.0,0,641,-28,1132,598,-26,1057
1781652427.5734208,800.0,0.0,2000.0,0,639,-6,1132,597,-6,1057
1781652427.6221929,800.0,0.0,2000.0,0,641,-13,1132,598,-12,1057
1781652427.671502,800.0,0.0,2000.0,0,638,-10,1130,596,-10,1056
1781652427.72677,800.0,0.0,2000.0,0,639,-21,1132,597,-19,1057
1781652427.775022,800.0,0.0,2000.0,0,641,-16,1132,598,-15,1057
1781652427.8237302,800.0,0.0,2000.0,0,641,-19,1132,598,-18,1057
1781652427.8723927,800.0,0.0,2000.0,0,640,-12,1130,597,-11,1056
1781652427.929519,800.0,0.0,2000.0,0,643,-30,1132,601,-28,1057
1781652427.9739878,800.0,0.0,2000.0,0,641,-31,1132,598,-29,1057
1781652428.0345323,800.0,0.0,2000.0,0,640,-25,1130,597,-24,1056
1781652428.0734167,800.0,0.0,2000.0,0,638,-6,1128,596,-5,1053
1781652428.1321518,800.0,0.0,2000.0,0,639,-4,1129,597,-4,1054
1781652428.180545,800.0,0.0,2000.0,0,638,-22,1130,596,-21,1056
1781652428.2373135,800.0,0.0,2000.0,0,638,-21,1133,596,-19,1058
1781652428.2781577,800.0,0.0,2000.0,0,638,-22,1132,595,-21,1057
1781652428.340264,800.0,0.0,2000.0,0,637,-16,1130,595,-15,1056
1781652428.372944,800.0,0.0,2000.0,0,632,-6,1133,591,-6,1058
1781652428.4395561,800.0,0.0,2000.0,0,632,-9,1135,590,-8,1060
1781652428.4934494,800.0,0.0,2000.0,0,629,-21,1135,587,-19,1060
1781652428.5394094,800.0,0.0,2000.0,0,627,-3,1135,586,-3,1060
1781652428.5866172,800.0,0.0,2000.0,0,626,-3,1133,585,-3,1058
1781652428.6374598,800.0,0.0,2000.0,0,623,7,1135,582,7,1060
1781652428.6877127,800.0,0.0,2000.0,0,621,6,1132,580,6,1057
1781652428.7546842,800.0,0.0,2000.0,0,617,6,1133,577,6,1058
1781652428.7928908,800.0,0.0,2000.0,0,616,-1,1133,575,-1,1058
1781652428.8405304,800.0,0.0,2000.0,0,613,18,1133,572,17,1058
1781652428.889515,800.0,0.0,2000.0,0,610,7,1133,570,7,1058
1781652428.9436002,800.0,0.0,2000.0,0,609,24,1130,568,22,1056
1781652428.9903789,800.0,0.0,2000.0,0,606,27,1132,566,25,1057
1781652429.0427492,800.0,0.0,2000.0,0,607,21,1130,567,19,1056
1781652429.1039743,800.0,0.0,2000.0,0,605,27,1124,565,25,1049
1781652429.1404676,800.0,0.0,2000.0,0,605,15,1124,565,14,1049
1781652429.1888542,800.0,0.0,2000.0,0,607,13,1125,567,12,1050
1781652429.2596154,800.0,0.0,2000.0,0,608,13,1127,567,12,1052
1781652429.3045664,800.0,0.0,2000.0,0,607,15,1125,567,14,1050
1781652429.339665,800.0,0.0,2000.0,0,609,19,1123,568,18,1048
1781652429.40437,800.0,0.0,2000.0,0,609,10,1124,569,10,1049
1781652429.4404182,800.0,0.0,2000.0,0,608,7,1124,567,7,1049
1781652429.5045028,800.0,0.0,2000.0,0,609,7,1123,568,7,1048
1781652429.5492477,800.0,0.0,2000.0,0,609,-4,1121,569,-4,1046
1781652429.607506,800.0,0.0,2000.0,0,607,13,1116,566,12,1041
1781652429.6510491,800.0,0.0,2000.0,0,607,-6,1116,566,-5,1041
1781652429.7069347,800.0,0.0,2000.0,0,607,-6,1116,566,-5,1041
1781652429.750937,800.0,0.0,2000.0,0,605,-1,1113,565,-1,1038
1781652429.8100133,800.0,0.0,2000.0,0,604,-9,1111,563,-8,1036
1781652429.8550243,800.0,0.0,2000.0,0,602,-7,1108,562,-7,1033
1781652429.9042,800.0,0.0,2000.0,0,604,-23,1111,563,-22,1036
1781652429.9534113,800.0,0.0,2000.0,0,605,-9,1112,564,-8,1037
1781652430.0052373,800.0,0.0,2000.0,0,607,-19,1116,566,-18,1041
1781652430.054416,800.0,0.0,2000.0,0,607,-22,1117,567,-20,1042
1781652430.10605,800.0,0.0,2000.0,0,607,-6,1116,566,-5,1041
1781652430.1554477,800.0,0.0,2000.0,0,605,4,1113,565,4,1038
1781652430.204926,800.0,0.0,2000.0,0,606,-20,1117,565,-19,1042
1781652430.2554657,800.0,0.0,2000.0,0,607,-6,1116,566,-5,1041
1781652430.3051567,800.0,0.0,2000.0,0,605,-6,1116,565,-5,1041
1781652430.3557131,800.0,0.0,2000.0,0,607,-3,1121,566,-3,1046
1781652430.4088182,800.0,0.0,2000.0,0,606,-6,1120,565,-5,1045
1781652430.4611747,800.0,0.0,2000.0,0,607,-3,1120,567,-3,1045
1781652430.5098288,800.0,0.0,2000.0,0,607,0,1121,566,0,1046
1781652430.5656161,800.0,0.0,2000.0,0,607,18,1123,567,17,1048
1781652430.6117914,800.0,0.0,2000.0,0,608,13,1121,567,12,1046
1781652430.6696827,800.0,0.0,2000.0,0,609,-4,1124,569,-4,1049
1781652430.713297,800.0,0.0,2000.0,0,609,9,1125,568,8,1050
1781652430.768668,800.0,0.0,2000.0,0,609,6,1127,569,6,1052
1781652430.8154013,800.0,0.0,2000.0,0,611,7,1129,570,7,1054
1781652430.8706942,800.0,0.0,2000.0,0,612,3,1130,571,3,1056
1781652430.9151523,800.0,0.0,2000.0,0,611,0,1129,570,0,1054
1781652430.971788,800.0,0.0,2000.0,0,610,7,1130,570,7,1056
1781652431.0168016,800.0,0.0,2000.0,0,610,10,1130,570,10,1056
1781652431.0737107,800.0,0.0,2000.0,0,612,9,1132,572,8,1057
